Thinking / Feeling,Normalized Magnitude,Score
F,0.041349480308875905,0.0
T,0.037437186568626005,0.10000000149011612
T,0.042117374538689405,0.10000000149011612
